start_time,end_time,elapsed_time,portnum,success
1721656982.146842,1721656982.3111095,0.16426753997802734,8090,False
1721656983.3144422,1721656983.4615352,0.1470930576324463,8090,False
1721656984.4633274,1721656984.5923529,0.12902545928955078,8090,False
1721656985.5940268,1721656985.7184098,0.12438297271728516,8090,False
1721656986.720264,1721656986.8402503,0.11998629570007324,8090,False
1721656987.8419392,1721656987.9675057,0.1255664825439453,8090,False
1721656988.9691157,1721656989.0964873,0.12737154960632324,8090,True
