start_time,end_time,elapsed_time,portnum,success
1721655927.629348,1721655927.7971208,0.16777276992797852,8090,False
1721655928.799471,1721655928.9405317,0.14106082916259766,8090,False
1721655929.9425116,1721655930.0699806,0.12746906280517578,8090,False
1721655931.071687,1721655931.192916,0.12122893333435059,8090,False
1721655932.194553,1721655932.3174853,0.12293243408203125,8090,False
1721655933.319271,1721655933.4566069,0.13733577728271484,8090,False
1721655934.4581723,1721655934.584574,0.12640166282653809,8090,True
