start_time,end_time,elapsed_time,portnum,success
1721655578.167767,1721655578.3367488,0.16898179054260254,8090,False
1721655579.3399582,1721655579.472315,0.13235688209533691,8090,False
1721655580.4742062,1721655580.608224,0.1340177059173584,8090,False
1721655581.6099656,1721655581.7288988,0.11893320083618164,8090,False
1721655582.7304583,1721655582.865191,0.13473272323608398,8090,False
1721655583.867008,1721655583.9958203,0.12881231307983398,8090,False
1721655584.997354,1721655585.133945,0.13659095764160156,8090,True
