start_time,end_time,elapsed_time,portnum,success
1721657684.2467508,1721657684.4011118,0.15436100959777832,8090,False
1721657685.4037807,1721657685.5397732,0.13599252700805664,8090,False
1721657686.5414195,1721657686.6700656,0.1286461353302002,8090,False
1721657687.671867,1721657687.8004928,0.12862586975097656,8090,False
1721657688.8021328,1721657688.9385808,0.13644790649414062,8090,False
1721657689.9403975,1721657690.0674534,0.12705588340759277,8090,False
1721657691.069427,1721657691.195586,0.1261589527130127,8090,True
