start_time,end_time,elapsed_time,portnum,success
1721659815.361469,1721659815.609104,0.2476348876953125,8090,False
1721659816.6115813,1721659816.7498283,0.13824701309204102,8090,False
1721659817.751475,1721659817.8843257,0.13285064697265625,8090,False
1721659818.885918,1721659819.0090096,0.1230916976928711,8090,False
1721659820.0106018,1721659820.1397924,0.12919068336486816,8090,False
1721659821.1413827,1721659821.268535,0.1271522045135498,8090,False
1721659822.2704751,1721659822.3944302,0.12395501136779785,8090,True
