start_time,end_time,elapsed_time,portnum,success
1721653068.4557111,1721653068.7993038,0.34359264373779297,8090,False
1721653069.8023083,1721653069.9918423,0.18953394889831543,8090,False
1721653070.9939675,1721653071.173234,0.17926645278930664,8090,False
1721653072.1754909,1721653072.3400576,0.1645667552947998,8090,False
1721653073.3417928,1721653073.5477362,0.20594334602355957,8090,False
1721653074.5495949,1721653074.7209334,0.17133855819702148,8090,False
1721653075.7231848,1721653075.8842857,0.1611008644104004,8090,True
