start_time,end_time,elapsed_time,portnum,success
1721651996.0886924,1721651996.5365143,0.44782185554504395,8090,False
1721651997.5397503,1721651997.7449682,0.20521783828735352,8090,False
1721651998.7471635,1721651998.9460423,0.19887876510620117,8090,False
1721651999.9479868,1721652000.1203918,0.17240500450134277,8090,False
1721652001.1221411,1721652001.2882109,0.16606974601745605,8090,False
1721652002.2899928,1721652002.4944243,0.20443153381347656,8090,False
1721652003.4962077,1721652003.6753864,0.17917871475219727,8090,True
