start_time,end_time,elapsed_time,portnum,success
1721659814.146139,1721659814.5434315,0.3972926139831543,8090,False
1721659815.5468671,1721659815.741014,0.19414687156677246,8090,False
1721659816.7433121,1721659816.921594,0.1782817840576172,8090,False
1721659817.9234593,1721659818.107966,0.18450665473937988,8090,False
1721659819.1098275,1721659819.264344,0.15451645851135254,8090,False
1721659820.2664917,1721659820.4610658,0.19457411766052246,8090,False
1721659821.4642189,1721659821.6479275,0.18370866775512695,8090,True
