start_time,end_time,elapsed_time,portnum,success
1721657328.8339825,1721657329.1099389,0.275956392288208,8090,False
1721657330.1136062,1721657330.29265,0.17904376983642578,8090,False
1721657331.2953544,1721657331.4870758,0.19172143936157227,8090,False
1721657332.4890933,1721657332.6633806,0.1742873191833496,8090,False
1721657333.665152,1721657333.8623734,0.1972212791442871,8090,False
1721657334.8648405,1721657335.0331419,0.16830134391784668,8090,False
1721657336.0352788,1721657336.195219,0.15994024276733398,8090,False
1721657337.1971767,1721657337.353508,0.15633130073547363,8090,False
1721657338.355653,1721657338.551623,0.1959700584411621,8090,True
