start_time,end_time,elapsed_time,portnum,success
1721656277.6584609,1721656278.0688372,0.41037631034851074,8090,False
1721656279.0733023,1721656279.2550159,0.18171358108520508,8090,False
1721656280.2574844,1721656280.429622,0.17213749885559082,8090,False
1721656281.4315448,1721656281.591538,0.15999317169189453,8090,False
1721656282.593647,1721656282.8208947,0.2272477149963379,8090,False
1721656283.8228598,1721656283.9774718,0.15461206436157227,8090,False
1721656284.9795253,1721656285.1387267,0.15920138359069824,8090,True
