start_time,end_time,elapsed_time,portnum,success
1721656629.958422,1721656630.2846177,0.32619571685791016,8090,False
1721656631.2876894,1721656631.482851,0.1951615810394287,8090,False
1721656632.4849148,1721656632.6520374,0.16712260246276855,8090,False
1721656633.6539848,1721656633.819888,0.16590332984924316,8090,False
1721656634.8219843,1721656635.0317037,0.20971941947937012,8090,False
1721656636.0336685,1721656636.1977756,0.164107084274292,8090,False
1721656637.1997516,1721656637.369568,0.1698164939880371,8090,True
