start_time,end_time,elapsed_time,portnum,success
1721652718.5622795,1721652718.8090177,0.24673819541931152,8090,False
1721652719.8121808,1721652719.95002,0.13783931732177734,8090,False
1721652720.951717,1721652721.0912678,0.13955092430114746,8090,False
1721652722.0932076,1721652722.2463868,0.15317916870117188,8090,False
1721652723.2480044,1721652723.3791785,0.13117408752441406,8090,False
1721652724.380917,1721652724.5067892,0.12587213516235352,8090,False
1721652725.5083988,1721652725.626399,0.11800026893615723,8090,True
