start_time,end_time,elapsed_time,portnum,success
1721655575.5238953,1721655575.8240435,0.30014824867248535,8090,False
1721655576.8272412,1721655577.0276568,0.20041561126708984,8090,False
1721655578.0300665,1721655578.2023628,0.17229628562927246,8090,False
1721655579.2039056,1721655579.3787823,0.17487668991088867,8090,False
1721655580.3810718,1721655580.5815637,0.20049190521240234,8090,False
1721655581.5836315,1721655581.7367864,0.15315485000610352,8090,False
1721655582.7387533,1721655582.9145489,0.1757955551147461,8090,False
1721655583.9164212,1721655584.074225,0.15780377388000488,8090,False
1721655585.0761676,1721655585.234451,0.15828347206115723,8090,True
