start_time,end_time,elapsed_time,portnum,success
1721654857.725779,1721654857.9010122,0.1752331256866455,8090,False
1721654858.9044912,1721654859.038091,0.13359975814819336,8090,False
1721654860.039887,1721654860.172382,0.13249516487121582,8090,False
1721654861.1739051,1721654861.3107774,0.1368722915649414,8090,False
1721654862.3124077,1721654862.436681,0.12427330017089844,8090,False
1721654863.4384062,1721654863.563492,0.12508583068847656,8090,False
1721654864.565185,1721654864.6875927,0.12240767478942871,8090,True
