start_time,end_time,elapsed_time,portnum,success
1721653417.8818874,1721653418.2961113,0.41422390937805176,8090,False
1721653419.2989922,1721653419.5380824,0.2390902042388916,8090,False
1721653420.5399961,1721653420.706952,0.16695594787597656,8090,False
1721653421.7088935,1721653421.8825114,0.17361783981323242,8090,False
1721653422.8846784,1721653423.076008,0.1913297176361084,8090,False
1721653424.0779793,1721653424.236413,0.1584336757659912,8090,False
1721653425.238369,1721653425.4008303,0.1624612808227539,8090,True
