start_time,end_time,elapsed_time,portnum,success
1721660163.390421,1721660163.7453918,0.35497093200683594,8090,False
1721660164.74878,1721660164.9379191,0.18913912773132324,8090,False
1721660165.9408612,1721660166.12332,0.18245887756347656,8090,False
1721660167.1254044,1721660167.2880287,0.16262435913085938,8090,False
1721660168.2900987,1721660168.5098293,0.21973061561584473,8090,False
1721660169.512182,1721660169.6825547,0.17037272453308105,8090,False
1721660170.6846113,1721660170.9296777,0.24506640434265137,8090,True
