start_time,end_time,elapsed_time,portnum,success
1721651998.3416588,1721651998.5213134,0.17965459823608398,8090,False
1721651999.5245657,1721651999.6622884,0.13772273063659668,8090,False
1721652000.6639504,1721652000.7945137,0.13056325912475586,8090,False
1721652001.7964044,1721652001.9257958,0.12939143180847168,8090,False
1721652002.9273407,1721652003.049019,0.12167835235595703,8090,False
1721652004.0506506,1721652004.1836627,0.133012056350708,8090,False
1721652005.1852212,1721652005.3107066,0.12548542022705078,8090,True
