start_time,end_time,elapsed_time,portnum,success
1721654508.266042,1721654508.4550774,0.18903541564941406,8090,False
1721654509.4577456,1721654509.5837924,0.12604689598083496,8090,False
1721654510.585473,1721654510.7192645,0.13379144668579102,8090,False
1721654511.720805,1721654511.8426511,0.12184619903564453,8090,False
1721654512.8443046,1721654512.976247,0.1319425106048584,8090,False
1721654513.978009,1721654514.103221,0.1252119541168213,8090,False
1721654515.1046984,1721654515.22971,0.12501168251037598,8090,True
