start_time,end_time,elapsed_time,portnum,success
1721660512.6443276,1721660513.0923672,0.44803953170776367,8090,False
1721660514.095394,1721660514.2779179,0.1825239658355713,8090,False
1721660515.2800229,1721660515.4927216,0.21269869804382324,8090,False
1721660516.4955864,1721660516.670169,0.17458271980285645,8090,False
1721660517.672564,1721660517.8805451,0.20798110961914062,8090,False
1721660518.8831367,1721660519.0496402,0.1665034294128418,8090,False
1721660520.0513911,1721660520.226447,0.17505598068237305,8090,True
