start_time,end_time,elapsed_time,portnum,success
1721655210.817299,1721655211.1027346,0.28543567657470703,8090,False
1721655212.1085436,1721655212.2968621,0.18831849098205566,8090,False
1721655213.2988126,1721655213.4699328,0.17112016677856445,8090,False
1721655214.4720979,1721655214.6340256,0.1619277000427246,8090,False
1721655215.6358285,1721655215.8430958,0.20726728439331055,8090,False
1721655216.844863,1721655217.019519,0.17465615272521973,8090,False
1721655218.0212421,1721655218.184492,0.16324996948242188,8090,True
