start_time,end_time,elapsed_time,portnum,success
1721656277.0914795,1721656277.3012989,0.20981931686401367,8090,False
1721656278.304014,1721656278.4460263,0.142012357711792,8090,False
1721656279.4476547,1721656279.5757902,0.12813544273376465,8090,False
1721656280.577496,1721656280.7061942,0.12869811058044434,8090,False
1721656281.7078235,1721656281.833039,0.1252155303955078,8090,False
1721656282.834906,1721656282.9614553,0.12654924392700195,8090,False
1721656283.9632325,1721656284.0843215,0.12108898162841797,8090,True
