start_time,end_time,elapsed_time,portnum,success
1721658760.602117,1721658760.7755823,0.17346525192260742,8090,False
1721658761.778417,1721658761.9170773,0.13866019248962402,8090,False
1721658762.9190547,1721658763.0639431,0.14488840103149414,8090,False
1721658764.0660393,1721658764.1953511,0.12931180000305176,8090,False
1721658765.1972485,1721658765.322833,0.12558460235595703,8090,False
1721658766.324513,1721658766.4541779,0.12966489791870117,8090,False
1721658767.4563165,1721658767.5882938,0.13197731971740723,8090,False
1721658768.590132,1721658768.72432,0.13418793678283691,8090,True
