start_time,end_time,elapsed_time,portnum,success
1721659462.8103826,1721659462.9986145,0.1882319450378418,8090,False
1721659464.0013156,1721659464.14073,0.13941431045532227,8090,False
1721659465.1423678,1721659465.2705202,0.12815237045288086,8090,False
1721659466.272289,1721659466.4016664,0.1293773651123047,8090,False
1721659467.4032786,1721659467.5389748,0.1356961727142334,8090,False
1721659468.5406475,1721659468.6920972,0.15144968032836914,8090,False
1721659469.6938915,1721659469.8203707,0.1264791488647461,8090,True
