start_time,end_time,elapsed_time,portnum,success
1721650569.311345,1721650569.5337312,0.22238612174987793,8090,False
1721650570.5361369,1721650570.6703959,0.13425898551940918,8090,False
1721650571.6719337,1721650571.8072972,0.13536357879638672,8090,False
1721650572.8090768,1721650572.9614797,0.1524028778076172,8090,False
1721650573.9631097,1721650574.0953135,0.1322038173675537,8090,False
1721650575.0971682,1721650575.2291114,0.1319432258605957,8090,False
1721650576.2307043,1721650576.3551981,0.12449383735656738,8090,True
