start_time,end_time,elapsed_time,portnum,success
1721653417.6381,1721653417.8640165,0.22591662406921387,8090,False
1721653418.8666387,1721653419.00559,0.13895130157470703,8090,False
1721653420.0075655,1721653420.1439872,0.13642168045043945,8090,False
1721653421.1456347,1721653421.2675438,0.12190914154052734,8090,False
1721653422.269472,1721653422.390876,0.12140417098999023,8090,False
1721653423.3925107,1721653423.5207348,0.12822413444519043,8090,False
1721653424.522543,1721653424.6423426,0.11979961395263672,8090,True
