start_time,end_time,elapsed_time,portnum,success
1721653067.9972956,1721653068.1613586,0.1640629768371582,8090,False
1721653069.1662037,1721653069.297687,0.1314833164215088,8090,False
1721653070.2993882,1721653070.4279387,0.12855052947998047,8090,False
1721653071.429643,1721653071.5501702,0.12052726745605469,8090,False
1721653072.5518517,1721653072.6723115,0.12045979499816895,8090,False
1721653073.6739278,1721653073.8087862,0.1348583698272705,8090,False
1721653074.8103504,1721653074.9355993,0.12524890899658203,8090,True
