start_time,end_time,elapsed_time,portnum,success
1721653770.2514179,1721653770.4126196,0.16120171546936035,8090,False
1721653771.415673,1721653771.5461228,0.13044977188110352,8090,False
1721653772.5478077,1721653772.6780143,0.13020658493041992,8090,False
1721653773.6796558,1721653773.8032925,0.12363672256469727,8090,False
1721653774.8048382,1721653774.9303536,0.12551546096801758,8090,False
1721653775.9320936,1721653776.0612435,0.1291499137878418,8090,False
1721653777.0631952,1721653777.2045379,0.1413426399230957,8090,False
1721653778.2062676,1721653778.32996,0.12369251251220703,8090,True
