start_time,end_time,elapsed_time,portnum,success
1721657334.651296,1721657334.8392644,0.18796849250793457,8090,False
1721657335.8432949,1721657335.982074,0.1387791633605957,8090,False
1721657336.9837615,1721657337.121342,0.13758039474487305,8090,False
1721657338.1233425,1721657338.2533126,0.12997007369995117,8090,False
1721657339.2550728,1721657339.3883765,0.13330364227294922,8090,False
1721657340.3901358,1721657340.5298672,0.13973140716552734,8090,False
1721657341.5316322,1721657341.6613863,0.12975406646728516,8090,False
1721657342.6630828,1721657342.7881765,0.12509369850158691,8090,True
