start_time,end_time,elapsed_time,portnum,success
1721651294.496481,1721651294.9231544,0.42667341232299805,8090,False
1721651295.926176,1721651296.1125875,0.18641138076782227,8090,False
1721651297.1146123,1721651297.2974215,0.18280911445617676,8090,False
1721651298.299534,1721651298.4699037,0.17036962509155273,8090,False
1721651299.471744,1721651299.6677282,0.1959841251373291,8090,False
1721651300.670341,1721651300.8442883,0.17394733428955078,8090,False
1721651301.8463488,1721651302.0019934,0.15564465522766113,8090,True
