start_time,end_time,elapsed_time,portnum,success
1721651295.5297856,1721651295.694661,0.16487526893615723,8090,False
1721651296.6975818,1721651296.8291042,0.13152241706848145,8090,False
1721651297.8307235,1721651297.9639437,0.13322019577026367,8090,False
1721651298.9660041,1721651299.0881894,0.12218523025512695,8090,False
1721651300.0898578,1721651300.2447286,0.15487074851989746,8090,False
1721651301.246637,1721651301.3655179,0.1188807487487793,8090,False
1721651302.367354,1721651302.4940255,0.12667155265808105,8090,True
