start_time,end_time,elapsed_time,portnum,success
1721659110.1993322,1721659110.3866754,0.18734312057495117,8090,False
1721659111.3893116,1721659111.523155,0.13384342193603516,8090,False
1721659112.5248,1721659112.654469,0.1296689510345459,8090,False
1721659113.6562593,1721659113.8108213,0.15456199645996094,8090,False
1721659114.8129387,1721659114.9409842,0.12804555892944336,8090,False
1721659115.9427383,1721659116.0703187,0.1275804042816162,8090,False
1721659117.0721428,1721659117.2007174,0.12857460975646973,8090,True
