start_time,end_time,elapsed_time,portnum,success
1721658408.1733444,1721658408.5900989,0.41675448417663574,8090,False
1721658409.5939167,1721658409.77816,0.18424344062805176,8090,False
1721658410.780232,1721658410.9492946,0.16906261444091797,8090,False
1721658411.951347,1721658412.1114712,0.1601240634918213,8090,False
1721658413.1135728,1721658413.2919862,0.17841339111328125,8090,False
1721658414.2947037,1721658414.5224907,0.22778701782226562,8090,False
1721658415.524397,1721658415.695239,0.17084217071533203,8090,True
