start_time,end_time,elapsed_time,portnum,success
1721659109.777828,1721659110.2286556,0.45082759857177734,8090,False
1721659111.2321107,1721659111.4259782,0.19386744499206543,8090,False
1721659112.4277194,1721659112.605781,0.17806172370910645,8090,False
1721659113.6075945,1721659113.7917068,0.1841123104095459,8090,False
1721659114.7935708,1721659115.058918,0.2653472423553467,8090,False
1721659116.060986,1721659116.2154086,0.15442252159118652,8090,False
1721659117.217771,1721659117.4104269,0.1926558017730713,8090,True
