start_time,end_time,elapsed_time,portnum,success
1721660514.4763587,1721660514.645776,0.1694173812866211,8090,False
1721660515.64901,1721660515.7988436,0.14983367919921875,8090,False
1721660516.8005996,1721660516.9316316,0.13103199005126953,8090,False
1721660517.9333043,1721660518.0594711,0.12616682052612305,8090,False
1721660519.0609286,1721660519.207027,0.14609837532043457,8090,False
1721660520.2086859,1721660520.335712,0.12702608108520508,8090,False
1721660521.3373418,1721660521.4592428,0.12190103530883789,8090,True
