start_time,end_time,elapsed_time,portnum,success
1721659461.9046698,1721659462.2024925,0.2978227138519287,8090,False
1721659463.2057204,1721659463.3947816,0.18906116485595703,8090,False
1721659464.3968985,1721659464.5752373,0.17833876609802246,8090,False
1721659465.5773718,1721659465.7358122,0.15844035148620605,8090,False
1721659466.7377574,1721659466.9328566,0.1950991153717041,8090,False
1721659467.9349673,1721659468.103573,0.16860580444335938,8090,False
1721659469.1055467,1721659469.2998173,0.19427061080932617,8090,False
1721659470.3016484,1721659470.4634967,0.1618483066558838,8090,False
1721659471.4653535,1721659471.6712358,0.20588231086730957,8090,True
