start_time,end_time,elapsed_time,portnum,success
1721660164.9517596,1721660165.1342285,0.18246889114379883,8090,False
1721660166.1432312,1721660166.2808998,0.13766860961914062,8090,False
1721660167.2825456,1721660167.4149835,0.13243794441223145,8090,False
1721660168.4169142,1721660168.541817,0.12490272521972656,8090,False
1721660169.5433102,1721660169.6737638,0.13045358657836914,8090,False
1721660170.6754014,1721660170.8063118,0.13091039657592773,8090,False
1721660171.8081272,1721660171.9260616,0.1179344654083252,8090,True
