start_time,end_time,elapsed_time,portnum,success
1721656629.5531085,1721656629.7782502,0.2251417636871338,8090,False
1721656630.782646,1721656630.9165654,0.13391947746276855,8090,False
1721656631.918263,1721656632.076783,0.15851998329162598,8090,False
1721656633.0785015,1721656633.2085626,0.13006114959716797,8090,False
1721656634.2101097,1721656634.3272963,0.1171865463256836,8090,False
1721656635.3289025,1721656635.4526706,0.12376809120178223,8090,False
1721656636.4543066,1721656636.57527,0.12096333503723145,8090,True
