start_time,end_time,elapsed_time,portnum,success
1721653770.2962058,1721653770.6212468,0.3250410556793213,8090,False
1721653771.6244383,1721653771.8252578,0.2008194923400879,8090,False
1721653772.8274739,1721653773.0060987,0.17862486839294434,8090,False
1721653774.0084553,1721653774.1808236,0.17236828804016113,8090,False
1721653775.1825843,1721653775.398203,0.21561861038208008,8090,False
1721653776.4004235,1721653776.5498557,0.14943218231201172,8090,False
1721653777.5518126,1721653777.7215714,0.16975879669189453,8090,False
1721653778.7227643,1721653778.8882282,0.16546392440795898,8090,False
1721653779.8904417,1721653780.0791113,0.18866968154907227,8090,True
