start_time,end_time,elapsed_time,portnum,success
1721650942.9829514,1721650943.1783028,0.19535136222839355,8090,False
1721650944.180989,1721650944.3216407,0.14065170288085938,8090,False
1721650945.3238893,1721650945.471043,0.1471538543701172,8090,False
1721650946.4732933,1721650946.6082382,0.13494491577148438,8090,False
1721650947.609805,1721650947.734354,0.12454891204833984,8090,False
1721650948.7358885,1721650948.8645537,0.12866520881652832,8090,False
1721650949.8661885,1721650950.0322382,0.16604971885681152,8090,False
1721650951.0339556,1721650951.1608732,0.12691760063171387,8090,False
1721650952.1625457,1721650952.2830691,0.12052345275878906,8090,True
