start_time,end_time,elapsed_time,portnum,success
1721656979.43232,1721656979.731497,0.2991769313812256,8090,False
1721656980.7360568,1721656980.9382765,0.20221972465515137,8090,False
1721656981.9412885,1721656982.1151533,0.17386484146118164,8090,False
1721656983.1172812,1721656983.2943933,0.17711210250854492,8090,False
1721656984.2963703,1721656984.510704,0.21433377265930176,8090,False
1721656985.5127423,1721656985.6757066,0.1629643440246582,8090,False
1721656986.67752,1721656986.8488555,0.17133545875549316,8090,True
