start_time,end_time,elapsed_time,portnum,success
1721658757.49406,1721658757.88647,0.3924100399017334,8090,False
1721658758.8889415,1721658759.075833,0.1868915557861328,8090,False
1721658760.0778737,1721658760.2489579,0.17108416557312012,8090,False
1721658761.2508774,1721658761.4248106,0.1739332675933838,8090,False
1721658762.4268565,1721658762.6256723,0.19881582260131836,8090,False
1721658763.6283972,1721658763.7984328,0.17003560066223145,8090,False
1721658764.8001513,1721658764.9652216,0.1650702953338623,8090,True
