start_time,end_time,elapsed_time,portnum,success
1721652718.9746726,1721652719.4321854,0.45751285552978516,8090,False
1721652720.435876,1721652720.623967,0.18809103965759277,8090,False
1721652721.6260924,1721652721.8105626,0.18447017669677734,8090,False
1721652722.812876,1721652722.9917462,0.17887020111083984,8090,False
1721652723.9936438,1721652724.1635435,0.16989970207214355,8090,False
1721652725.1656806,1721652725.3676283,0.20194768905639648,8090,False
1721652726.3694608,1721652726.5378146,0.16835379600524902,8090,True
