start_time,end_time,elapsed_time,portnum,success
1721660861.733252,1721660862.1881096,0.45485758781433105,8090,False
1721660863.1917348,1721660863.3895307,0.19779586791992188,8090,False
1721660864.3915458,1721660864.5647027,0.1731569766998291,8090,False
1721660865.5665655,1721660865.7456412,0.1790757179260254,8090,False
1721660866.7475517,1721660866.9575953,0.21004366874694824,8090,False
1721660867.959606,1721660868.1329777,0.1733717918395996,8090,False
1721660869.134831,1721660869.3147902,0.17995929718017578,8090,True
