start_time,end_time,elapsed_time,portnum,success
1721654508.4841895,1721654508.9364498,0.45226025581359863,8090,False
1721654509.939837,1721654510.1372805,0.19744348526000977,8090,False
1721654511.1393554,1721654511.360428,0.22107267379760742,8090,False
1721654512.3624468,1721654512.5271451,0.16469836235046387,8090,False
1721654513.5290003,1721654513.7221608,0.1931605339050293,8090,False
1721654514.7241297,1721654514.8880918,0.16396212577819824,8090,False
1721654515.89002,1721654516.0661445,0.17612457275390625,8090,True
