start_time,end_time,elapsed_time,portnum,success
1721650945.0673423,1721650945.3714833,0.3041410446166992,8090,False
1721650946.3742778,1721650946.5738285,0.19955062866210938,8090,False
1721650947.5755835,1721650947.7601292,0.18454575538635254,8090,False
1721650948.762139,1721650948.9332619,0.17112278938293457,8090,False
1721650949.9353497,1721650950.1148717,0.17952203750610352,8090,False
1721650951.1168118,1721650951.3166995,0.19988775253295898,8090,False
1721650952.3188953,1721650952.5277834,0.20888805389404297,8090,False
1721650953.5301163,1721650953.7053065,0.17519021034240723,8090,True
