start_time,end_time,elapsed_time,portnum,success
1721658407.5239341,1721658407.749996,0.22606182098388672,8090,False
1721658408.7527697,1721658408.89475,0.14198040962219238,8090,False
1721658409.896381,1721658410.0296984,0.1333174705505371,8090,False
1721658411.0316677,1721658411.1617274,0.13005971908569336,8090,False
1721658412.1633978,1721658412.290845,0.12744712829589844,8090,False
1721658413.2925382,1721658413.4168339,0.12429571151733398,8090,False
1721658414.4185684,1721658414.560215,0.1416466236114502,8090,True
