start_time,end_time,elapsed_time,portnum,success
1721651644.9899127,1721651645.260382,0.27046918869018555,8090,False
1721651646.2628238,1721651646.3969681,0.13414430618286133,8090,False
1721651647.3987615,1721651647.5382628,0.13950133323669434,8090,False
1721651648.5399728,1721651648.6653593,0.12538647651672363,8090,False
1721651649.6669092,1721651649.7868664,0.11995720863342285,8090,False
1721651650.7883763,1721651650.9093113,0.12093496322631836,8090,False
1721651651.9108264,1721651652.038949,0.12812256813049316,8090,False
1721651653.0406237,1721651653.1687467,0.12812304496765137,8090,False
1721651654.1702638,1721651654.2952037,0.1249399185180664,8090,True
