start_time,end_time,elapsed_time,portnum,success
1721654858.0495899,1721654858.4667497,0.4171597957611084,8090,False
1721654859.4700634,1721654859.663612,0.19354844093322754,8090,False
1721654860.6657794,1721654860.8327098,0.1669304370880127,8090,False
1721654861.834811,1721654862.006362,0.17155098915100098,8090,False
1721654863.0083036,1721654863.175253,0.16694927215576172,8090,False
1721654864.1771364,1721654864.377954,0.20081758499145508,8090,False
1721654865.3799303,1721654865.5449684,0.1650381088256836,8090,True
