start_time,end_time,elapsed_time,portnum,success
1721660864.046424,1721660864.2219296,0.1755056381225586,8090,False
1721660865.2248895,1721660865.3686087,0.14371919631958008,8090,False
1721660866.3706467,1721660866.4946718,0.12402510643005371,8090,False
1721660867.496264,1721660867.623734,0.1274700164794922,8090,False
1721660868.6253042,1721660868.7502716,0.12496733665466309,8090,False
1721660869.7519455,1721660869.8834171,0.1314716339111328,8090,False
1721660870.885339,1721660871.0134873,0.12814831733703613,8090,False
1721660872.0153759,1721660872.1348155,0.11943960189819336,8090,False
1721660873.1365023,1721660873.2548077,0.11830544471740723,8090,False
1721660874.256747,1721660874.3792121,0.12246513366699219,8090,False
1721660875.3808756,1721660875.4973161,0.1164405345916748,8090,False
1721660876.4989223,1721660876.6263752,0.12745285034179688,8090,False
1721660877.628466,1721660877.7607434,0.1322774887084961,8090,False
1721660878.762443,1721660878.8896983,0.12725520133972168,8090,True
