start_time,end_time,elapsed_time,portnum,success
1721651643.8110828,1721651644.2376878,0.4266049861907959,8090,False
1721651645.240568,1721651645.432096,0.1915280818939209,8090,False
1721651646.433994,1721651646.6185622,0.18456816673278809,8090,False
1721651647.620445,1721651647.7785597,0.15811467170715332,8090,False
1721651648.779834,1721651648.9930236,0.21318960189819336,8090,False
1721651649.9950519,1721651650.1671617,0.17210984230041504,8090,False
1721651651.1692452,1721651651.334981,0.16573572158813477,8090,True
