start_time,end_time,elapsed_time,portnum,success
1721655925.1293511,1721655925.4637322,0.334381103515625,8090,False
1721655926.4672005,1721655926.6860037,0.21880316734313965,8090,False
1721655927.6882393,1721655927.8594177,0.17117834091186523,8090,False
1721655928.8613317,1721655929.038706,0.17737436294555664,8090,False
1721655930.0406616,1721655930.212969,0.17230749130249023,8090,False
1721655931.21549,1721655931.4118257,0.1963355541229248,8090,False
1721655932.4137583,1721655932.597317,0.18355870246887207,8090,False
1721655933.599141,1721655933.7743256,0.1751847267150879,8090,True
